name,artist,id,danceability,energy,loudness,speechiness,acousticness,instrumentalness,liveness,tempo,valence,sentiment,mood
Unwritten,Natasha Bedingfield,3U5JVgI2x4rDyHGObzJfNf,0.706,0.8,-6.333,0.0399,0.00584,0.0,0.0822,100.011,0.629,-0.973,Happy
Walking On Sunshine,Katrina & The Waves,05wIrZSwuaVWhcv5FfqeH0,0.596,0.869,-11.97,0.037,0.0116,0.173,0.0678,109.902,0.944,0.996,Happy
"Hey, Soul Sister",Train,4HlFJV71xXKIGcU3kRyttv,0.673,0.886,-4.44,0.0431,0.185,0.0,0.0826,97.012,0.795,0.9678,Happy
I'm Yours,Jason Mraz,3S0OXQeoh0w6AY8WQVckRW,0.703,0.444,-9.331,0.0417,0.559,0.0,0.0973,150.96,0.712,0.9992,Happy
Sunroof,Nicky Youre,5YqEzk3C5c3UZ1D5fJUlXA,0.768,0.714,-5.11,0.0401,0.352,0.0,0.15,131.443,0.842,0.9727,Happy
Lovely Day,Bill Withers,0bRXwKfigvpKZUurwqAlEh,0.692,0.651,-8.267,0.0324,0.292,0.00241,0.105,97.923,0.706,0.9999,Happy
Cake By The Ocean,DNCE,76hfruVvmfQbw0eYn1nmeC,0.774,0.753,-5.446,0.0517,0.152,0.0,0.0371,119.002,0.896,-0.7545,Happy
Counting Stars,OneRepublic,2tpWsVSb9UEmDRxAl1zhX1,0.664,0.705,-4.972,0.0382,0.0654,0.0,0.118,122.016,0.477,-0.9819,Happy
Classic,MKTO,6FE2iI43OZnszFLuLtvvmg,0.72,0.791,-4.689,0.124,0.0384,0.0,0.157,102.071,0.756,0.998,Happy
Three Little Birds,Bob Marley & The Wailers,7yFvSYKk3g5g8e7Ffl16ws,0.826,0.49,-10.477,0.0676,0.00916,4.41e-06,0.0415,74.128,0.627,0.9927,Happy
Uptown Girl,Billy Joel,5zA8vzDGqPl2AzZkEYQGKh,0.701,0.944,-2.986,0.0455,0.0755,0.0,0.601,128.993,0.792,0.9932,Happy
Mr. Blue Sky,Electric Light Orchestra,2RlgNHKcydI9sayD2Df2xp,0.388,0.338,-10.054,0.0329,0.652,3.73e-06,0.248,177.765,0.478,0.9794,Happy
Murder On The Dancefloor,Sophie Ellis-Bextor,4tKGFmENO69tZR9ahgZu48,0.73,0.849,-5.281,0.0299,0.00234,2.6e-05,0.312,117.31,0.887,-0.8429,Happy
"Happy - From ""Despicable Me 2""",Pharrell Williams,60nZcImufyMA1MKQY3dcCH,0.647,0.822,-4.662,0.183,0.219,0.0,0.0908,160.019,0.962,0.0,Happy
Rich Girl,Daryl Hall & John Oates,0qRR9d89hIS0MHRkQ0ejxX,0.573,0.683,-6.644,0.176,0.461,0.0,0.0935,169.519,0.817,0.9811,Happy
"Feels (feat. Pharrell Williams, Katy Perry & Big Sean)",Calvin Harris,5bcTCxgc7xVfSaMV3RuVke,0.893,0.745,-3.105,0.0571,0.0642,0.0,0.0943,101.018,0.872,0.9082,Happy
Feather,Sabrina Carpenter,2Zo1PcszsT9WQ0ANntJbID,0.787,0.686,-4.37,0.0339,0.0893,0.0,0.0927,123.51,0.836,0.9627,Happy
Grace Kelly,MIKA,2SDx0PooHZI1SQKR0y44bs,0.675,0.828,-5.799,0.0454,0.0242,0.0102,0.364,122.229,0.669,0.9896,Happy
Here Comes The Sun - Remastered 2009,The Beatles,6dGnYIeXmHdcikdzNNDMm2,0.557,0.54,-10.484,0.0347,0.0339,0.00248,0.179,129.171,0.394,1.0,Happy
Cecilia,Simon & Garfunkel,6QhXQOpyYvbpdbyjgAqKdY,0.755,0.876,-8.867,0.0362,0.357,5.17e-06,0.22,102.762,0.954,0.9864,Happy
Happy Together,The Turtles,1JO1xLtVc8mWhIoE3YaCL0,0.584,0.367,-9.638,0.0328,0.55,1.38e-05,0.0818,120.175,0.588,0.9968,Happy
Safe And Sound,Capital Cities,6Z8R6UsFuGXGtiIxiD8ISb,0.655,0.819,-4.852,0.0316,0.000176,0.00374,0.104,117.956,0.766,0.9969,Happy
What A Man Gotta Do,Jonas Brothers,4wNIkl5XGiAACjFBlDWuSd,0.852,0.698,-7.206,0.0629,0.00839,1.03e-06,0.0773,113.039,0.324,0.9731,Happy
The Thrill,Wiz Khalifa,56oGoEjA9eTZYgsttEFKY3,0.817,0.775,-4.767,0.108,0.277,0.0,0.108,126.984,0.806,-0.9612,Happy
Galway Girl,Ed Sheeran,0afhq8XCExXpqazXczTSve,0.624,0.876,-3.374,0.1,0.0735,0.0,0.327,99.943,0.781,0.9992,Happy
You Make My Dreams (Come True),Daryl Hall & John Oates,4o6BgsqLIBViaGVbx5rbRk,0.751,0.501,-12.151,0.0551,0.234,0.112,0.0467,167.057,0.902,0.9991,Happy
Walking On A Dream,Empire Of The Sun,3HfhB8sYqLlVmpBPb7cc2x,0.87,0.699,-5.541,0.0459,0.245,6.76e-06,0.0588,126.967,0.726,0.9298,Happy
Don't Go Breaking My Heart,Elton John,7HW5WIw7ZgZORCzUxv5gW5,0.729,0.844,-8.824,0.0344,0.149,2.87e-06,0.0604,131.459,0.777,0.2293,Happy
Wake Me Up Before You Go-Go,Wham!,0ikz6tENMONtK6qGkOrU3c,0.62,0.573,-11.893,0.0423,0.271,0.0,0.0607,81.548,0.897,0.9923,Happy
Love Never Felt So Good,Michael Jackson,48td6xvpokdYwvbl3JIiXP,0.775,0.719,-6.212,0.0435,0.132,1.79e-06,0.0662,117.513,0.712,0.9979,Happy
It's Not Unusual,Tom Jones,3TlIt0ReIxPsVZcOEivT5U,0.476,0.722,-10.017,0.0646,0.598,0.0,0.184,92.966,0.909,-0.9506,Happy
Send Me On My Way,Rusted Root,6XK6Zw6JkFsHXzAcMWNiIr,0.5,0.704,-8.797,0.0695,0.125,1.79e-05,0.138,119.463,0.722,0.9973,Happy
Iko Iko (My Bestie),Justin Wellington,7MC4XR9M9amdmKQr2iDF7i,0.862,0.753,-5.356,0.0625,0.131,2.01e-06,0.077,105.039,0.827,0.935,Happy
Girls Just Want to Have Fun,Cyndi Lauper,4y1LsJpmMti1PfRQV9AWWe,0.71,0.799,-4.897,0.0328,0.22,0.000602,0.349,120.372,0.725,0.9984,Happy
Runaway Baby,Bruno Mars,7hCNBVRhHzcsRAv0TQnOzq,0.658,0.762,-3.028,0.0425,0.263,0.0,0.127,163.864,0.823,0.9984,Happy
Cheerleader (Felix Jaehn Remix) - Radio Edit,OMI,7vFoFDWqTX0mHzLfrF1Cfy,0.782,0.685,-6.237,0.0309,0.166,1.18e-05,0.16,118.016,0.603,0.9951,Happy
I'm Gonna Be (500 Miles),The Proclaimers,67iAlVNDDdddxqSD2EZhFs,0.851,0.551,-5.177,0.0396,0.151,0.0,0.0827,131.922,0.807,0.9568,Happy
As It Was,Harry Styles,4Dvkj6JhhA12EX05fT7y2e,0.52,0.731,-5.338,0.0557,0.342,0.00101,0.311,173.93,0.662,0.8746,Happy
Don't Worry Be Happy,Bobby McFerrin,4hObp5bmIJ3PP3cKA9K9GY,0.675,0.166,-22.602,0.171,0.88,7.14e-05,0.0461,68.837,0.747,0.789,Happy
Good Life,OneRepublic,6OtCIsQZ64Vs1EbzztvAv4,0.634,0.69,-7.804,0.052,0.0771,0.0,0.132,94.988,0.645,0.9983,Happy
GOOD DAY,Forrest Frank,5KXXi90Q4pjVxEapZjRC9O,0.712,0.682,-6.968,0.144,0.061,0.0,0.145,76.033,0.716,0.9959,Happy
3 Nights,Dominic Fike,0uI7yAKUf52Cn7y3sYyjiX,0.815,0.518,-6.594,0.0897,0.223,0.0,0.104,151.891,0.877,0.1483,Happy
Drops of Jupiter (Tell Me),Train,2hKdd3qO7cWr2Jo0Bcs0MA,0.481,0.638,-5.862,0.0276,0.153,0.0,0.154,79.064,0.497,0.9928,Happy
"Moves Like Jagger - Studio Recording From ""The Voice"" Performance",Maroon 5,7pYfyrMNPn3wtoCyqcTVoI,0.722,0.761,-4.459,0.0475,0.0117,0.0,0.315,128.044,0.624,0.9999,Happy
Blurred Lines,Robin Thicke,0n4bITAu0Y0nigrz3MFJMb,0.853,0.599,-4.756,0.0411,0.00334,7.93e-06,0.0759,119.993,0.843,0.9565,Happy
Skate,Bruno Mars,7jvCeWOSnJs2N3spqobWnO,0.708,0.598,-8.365,0.0291,0.037,0.0,0.17,112.027,0.698,0.8857,Happy
I Wanna Dance with Somebody (Who Loves Me),Whitney Houston,2tUBqZG2AbRi7Q0BIrVrEj,0.709,0.824,-8.824,0.0453,0.207,0.000307,0.0888,118.818,0.867,0.9977,Happy
I'm A Believer,Smash Mouth,0C9jZPUv4SuaXkuEQw6L40,0.549,0.981,-3.558,0.059,0.0178,1.8e-06,0.438,82.331,0.873,0.9937,Happy
Move Your Feet,Junior Senior,4jacsL77ZYnpInmTtUBaJW,0.755,0.895,-2.619,0.0883,0.0507,0.0737,0.222,118.871,0.844,0.9967,Happy
Sugar (feat. Francesco Yates),Robin Schulz,5tf1VVWniHgryyumXyJM7w,0.636,0.815,-5.098,0.0581,0.0185,0.0,0.163,123.063,0.636,0.9888,Happy
What You Know,Two Door Cinema Club,3GBApU0NuzH4hKZq4NOSdA,0.563,0.739,-4.239,0.0416,0.00073,1.45e-05,0.0822,139.0,0.775,-0.7106,Happy
The Less I Know The Better,Tame Impala,6K4t31amVTZDgR3sKmwUJJ,0.64,0.74,-4.083,0.0284,0.0115,0.00678,0.167,116.879,0.785,0.9806,Happy
Brazil,Declan McKenna,4sNG6zQBmtq7M8aeeKJRMQ,0.687,0.617,-5.213,0.0287,0.0941,1.27e-05,0.0898,121.079,0.665,0.9986,Happy
Cigarette Daydreams,Cage The Elephant,2tznHmp70DxMyr2XhWLOW0,0.636,0.676,-3.442,0.0263,0.0807,0.0,0.0831,113.98,0.273,0.9596,Happy
Blame Brett,The Beaches,6twjuBZfRJIZnoHrghzWLk,0.472,0.867,-3.159,0.0409,0.0063,4.56e-06,0.326,155.996,0.792,0.9806,Happy
Are You Bored Yet? (feat. Clairo),Wallows,57RA3JGafJm5zRtKJiKPIm,0.682,0.683,-6.444,0.0287,0.156,2.32e-05,0.273,120.023,0.64,-0.9981,Happy
Can I Call You Tonight?,Dayglow,61OJxhoY3Ix50rYVKo8zRK,0.641,0.842,-7.27,0.0292,0.134,0.911,0.419,129.978,0.499,0.9398,Happy
My Type,Saint Motel,2DFi8rwHcVkTTgu7PULhtI,0.596,0.897,-2.94,0.0462,0.0641,5.24e-05,0.0628,118.0,0.578,0.7759,Happy
Talk Too Much,COIN,4djIFfof5TpbSGRZUpsTXq,0.598,0.888,-5.119,0.0807,0.00947,0.0,0.347,103.966,0.482,0.7882,Happy
Pumped Up Kicks,Foster The People,7w87IxuO7BDcJ3YUqCyMTT,0.733,0.71,-5.849,0.0292,0.145,0.115,0.0956,127.975,0.965,0.9987,Happy
Alright,Supergrass,5CQvKyzkWI7TnUu2oB9QZ0,0.467,0.958,-4.808,0.0775,0.000479,0.199,0.299,145.92,0.701,0.9916,Happy
Undercover Martyn,Two Door Cinema Club,0bePGTDjn0XuEKoN7rOMvV,0.454,0.873,-5.072,0.122,0.000244,1.73e-05,0.0847,159.814,0.562,-0.8834,Happy
Borderline,Tame Impala,5hM5arv9KDbCHS0k9uqwjr,0.621,0.873,-3.067,0.0369,0.0406,9.1e-06,0.0824,97.96,0.873,0.9936,Happy
Daylight,Matt and Kim,57i3M29DWoo7RDk0Tf0LZG,0.57,0.798,-4.92,0.0323,0.102,0.000128,0.178,103.303,0.671,0.9884,Happy
Kids,MGMT,1jJci4qxiYcOHhQR247rEU,0.451,0.931,-3.871,0.0719,0.00076,0.0049,0.361,122.961,0.172,-0.9508,Happy
Out of My League,Fitz and The Tantrums,2AYEOC02WLhUiOoaig2SEH,0.545,0.968,-3.553,0.0853,0.0387,0.00325,0.331,169.965,0.527,0.9879,Happy
She's a Riot,The Jungle Giants,4xy9nsO8EX4OR0c6lf0WFu,0.494,0.915,-3.795,0.0583,0.00214,0.0,0.11,100.133,0.607,-0.0206,Happy
wtf,boy pablo,3OYSWIgKXiwjutuQ4NEk1b,0.714,0.567,-10.738,0.0325,0.0496,0.000115,0.0586,127.972,0.954,-0.6293,Happy
Electric U,Kid Bloom,1h3ODYcDJly0H53W2Ai42Q,0.935,0.259,-11.088,0.0517,0.378,0.000463,0.0611,112.019,0.931,0.9826,Happy
Put a Light On,Generationals,1M8HqdQbTxkUn1NaY6329V,0.687,0.772,-4.462,0.0291,0.0565,0.0001,0.0602,100.01,0.493,0.967,Happy
strawberry chainsaw,JAWNY,4lAasiKJZR4CkDygazvpvB,0.617,0.901,-2.863,0.043,0.237,9.04e-05,0.55,100.012,0.617,0.9961,Happy
Sit Next to Me,Foster The People,4BdGO1CaObRD4La9l5Zanz,0.638,0.738,-4.976,0.0292,0.117,0.000384,0.689,97.021,0.657,0.9754,Happy
After Midnight (feat. Clairo),Phoenix,0KIpuVYhKUUUpjo6H5NvBY,0.639,0.82,-5.986,0.0322,0.0153,0.00405,0.309,100.013,0.667,-0.9308,Happy
Dreaming,Smallpools,6cMswWRv4lAU3mh5lclgCc,0.612,0.89,-2.827,0.047,0.000478,0.0,0.0672,118.989,0.886,0.8984,Happy
Like or Like Like,Miniature Tigers,1OrD9RkuBnoNrrURFap9wi,0.753,0.534,-4.661,0.0277,0.0339,7.32e-06,0.0972,96.073,0.847,0.9844,Happy
Shut Me Up,Nicky Youre,2uAUSVbBE3wtVEJQXHHVSx,0.619,0.72,-3.566,0.0498,0.00463,0.0,0.0347,186.002,0.578,0.9839,Happy
Marcel,Her's,5u9cuDcYdOpSRB7fAYXXdp,0.625,0.645,-5.959,0.0278,0.54,0.0776,0.347,106.996,0.685,0.9801,Happy
Tieduprightnow,Parcels,66tkDkPsznE5zIHNt4QkXB,0.863,0.533,-7.986,0.0484,0.291,0.00126,0.0794,102.025,0.738,0.4404,Happy
Electric Feel,MGMT,3FtYbEfBqAlGO46NUDQSAt,0.763,0.803,-3.713,0.0351,0.0709,0.285,0.348,103.04,0.561,0.7946,Happy
Young Folks,Peter Bjorn and John,4dyx5SzxPPaD8xQIid5Wjj,0.699,0.812,-6.005,0.0377,0.0164,0.000763,0.105,138.185,0.662,-0.9835,Happy
Home,Good Neighbours,6dpLxbF7lfCAnC9QRTjNLK,0.583,0.676,-4.44,0.0298,0.0289,0.0634,0.121,77.002,0.134,0.983,Happy
Weekend Friend,Goth Babe,2d3QlXE6FXFDeodiS66yjM,0.409,0.594,-9.725,0.031,0.032,0.0391,0.0904,110.187,0.212,-0.9894,Happy
Origami,The Rare Occasions,3qpyxgH65qNhJ9hLS2gWrS,0.483,0.802,-6.463,0.0552,0.00703,0.0137,0.245,129.933,0.627,-0.9334,Happy
Fever,The Black Keys,3Hx7RXqCS7Kzjy2ot2q1Gk,0.609,0.674,-6.506,0.0355,0.00378,0.000302,0.129,127.541,0.743,-0.9696,Happy
Heat Up,Giant Rooks,2xxpA9Bd8TaKIv0RGKFr9I,0.568,0.945,-3.243,0.0639,0.0512,6.29e-05,0.231,74.992,0.902,0.9932,Happy
Mariposa,Peach Tree Rascals,3WD2cic9S2VrGIb6h114MM,0.69,0.528,-6.1,0.027,0.647,0.0,0.428,112.001,0.427,0.9777,Happy
Lake Washington Boulevard,Pinguini Tattici Nucleari,6Jn9qoprkuSfsRW7tTRkOV,0.708,0.745,-3.249,0.0367,0.234,0.0,0.0654,110.003,0.808,0.0772,Happy
Useless,Omar Apollo,7dJN4NWQuqCjWwIT3UwOps,0.612,0.565,-7.609,0.0414,0.585,0.00174,0.0827,89.895,0.545,-0.2478,Happy
Miracle Mile,Cold War Kids,4RvmQ5qbP5PxgJD0BN4EZK,0.355,0.867,-3.144,0.0738,0.00664,0.554,0.323,142.849,0.295,0.9956,Happy
I Can Talk,Two Door Cinema Club,2OqI9fjaLeXnphj1Vcs1bi,0.474,0.753,-5.058,0.217,2.71e-05,0.0987,0.211,162.923,0.67,-0.9104,Happy
Temper Temper,Lime Cordiale,3DCU0R5FFaB9GKxZERb5wr,0.713,0.565,-7.8,0.0351,0.0252,3.2e-06,0.633,130.047,0.705,0.9912,Happy
My Number,Foals,04caEZhAsQKnWqKsMwk9ud,0.639,0.715,-8.954,0.0392,0.0243,0.000552,0.619,128.072,0.813,0.9746,Happy
Left Hand Free,alt-J,4iEOVEULZRvmzYSZY2ViKN,0.697,0.877,-4.465,0.0462,0.462,0.00943,0.083,101.99,0.802,0.995,Happy
Get By,Still Woozy,0HXiFFhg287d15ssjFaRZp,0.78,0.563,-6.985,0.061,0.317,2.44e-06,0.48,135.059,0.903,-0.9138,Happy
Sports,Beach Bunny,77G0k1La0c5Dw8bAFANcyp,0.231,0.877,-5.278,0.0574,0.000653,0.026,0.0694,186.142,0.524,-0.9225,Happy
New Estate,Giant Rooks,7muYz7kx7Z37Bnfg7eYbtv,0.526,0.742,-6.115,0.0306,0.0316,0.0,0.201,155.969,0.562,-0.8957,Happy
Feels Like We Only Go Backwards,Tame Impala,0LtOwyZoSNZKJWHqjzADpW,0.303,0.9,-2.352,0.0574,0.0277,0.635,0.11,149.508,0.491,0.9953,Happy
Peach Trees,Ax and the Hatchetmen,2hiEGsafGTYbc5UYuU3WN6,0.501,0.899,-9.117,0.0932,0.236,9.01e-05,0.351,167.267,0.596,0.8359,Happy
Where'd All the Time Go?,Dr. Dog,0UV5zxRMz6AO4ZwUOZNIKI,0.454,0.82,-4.193,0.0567,0.132,0.000969,0.115,166.303,0.575,-0.7281,Happy
Best Day Of My Life,American Authors,5Hroj5K7vLpIG4FNCRIjbP,0.673,0.902,-2.392,0.0346,0.0591,0.000262,0.0558,100.012,0.538,0.9929,Happy
Everybody Talks,Neon Trees,2iUmqdfGZcHIhS3b9E9EWq,0.471,0.924,-3.906,0.0586,0.00301,0.0,0.313,154.961,0.725,0.948,Happy
Lush Life,Zara Larsson,1rIKgCH4H52lrvDcz50hS8,0.694,0.712,-3.923,0.046,0.132,0.0,0.211,98.023,0.799,0.833,Happy
AOK,Tai Verdes,1sx0XsWUusUoPstbvokZjP,0.731,0.626,-6.919,0.0805,0.125,0.0,0.183,82.488,0.862,-0.6322,Happy
Sunday Best,Surfaces,1qYKWcEOrh2tM8PlgIm8K1,0.869,0.555,-5.984,0.0454,0.137,0.0,0.0746,112.003,0.738,0.9989,Happy
Ain't No Mountain High Enough,Marvin Gaye,7tqhbajSfrz2F7E1Z75ASX,0.663,0.6,-10.87,0.032,0.43,0.0,0.184,129.991,0.8,0.9935,Happy
Put Your Records On,Corinne Bailey Rae,2nGFzvICaeEWjIrBrL2RAx,0.739,0.511,-7.844,0.0362,0.167,1.34e-06,0.133,96.038,0.542,0.9963,Happy
Out of My League,Fitz and The Tantrums,2AYEOC02WLhUiOoaig2SEH,0.545,0.968,-3.553,0.0853,0.0387,0.00325,0.331,169.965,0.527,0.9879,Happy
Paper Rings,Taylor Swift,4y5bvROuBDPr5fuwXbIBZR,0.811,0.719,-6.553,0.0497,0.0129,1.36e-05,0.0742,103.979,0.865,0.9966,Happy
It's a Beautiful Day,Michael Bublé,0mvkwaZMP2gAy2ApQLtZRv,0.532,0.795,-3.979,0.0358,0.0559,0.0,0.295,143.837,0.78,0.9958,Happy
Geronimo,Sheppard,0qt5f5EL92o8Snzopsv0en,0.705,0.78,-6.267,0.0805,0.456,0.00152,0.115,142.028,0.457,0.9986,Happy
Magic In The Hamptons (feat. Lil Yachty),Social House,2Yer0p7uB2lVBUAtANuuQp,0.769,0.479,-5.339,0.0385,0.66,0.0,0.0914,96.051,0.803,0.9658,Happy
Aduh,MALIQ & D'Essentials,4hqNaY8uNHrPzW4l3ulDSo,0.724,0.334,-10.136,0.233,0.749,0.000482,0.106,80.012,0.703,0.3612,Happy
Kiss You,One Direction,4My8w8AA1JpG6E5SiAPvJL,0.637,0.93,-2.632,0.0511,0.0177,0.0,0.452,90.014,0.886,0.9989,Happy
Bunga Hati,Salma Salsabil,4AfhlJghKIWkXa8sfFEXVd,0.518,0.679,-5.372,0.046,0.68,1.21e-06,0.102,93.118,0.423,0.0,Happy
Lil Boo Thang,Paul Russell,0cVyQfDyRnMJ0V3rjjdlU3,0.85,0.699,-3.292,0.0776,0.152,0.0,0.32,114.481,0.915,0.9967,Happy
Better When I'm Dancin',Meghan Trainor,5k5fWendNngd89O8JKoE8L,0.756,0.789,-7.002,0.0324,0.53,0.000711,0.157,127.987,0.873,0.9987,Happy
Everybody Wants To Rule The World,Tears For Fears,4RvWPyQ5RL0ao9LPZeSouE,0.645,0.795,-12.095,0.0527,0.347,0.00389,0.104,112.067,0.535,0.9793,Happy
Haven't Met You Yet,Michael Bublé,4fIWvT19w9PR0VVBuPYpWA,0.615,0.733,-4.808,0.0335,0.152,0.0,0.109,122.58,0.796,0.999,Happy
You Get What You Give,New Radicals,1Cwsd5xI8CajJz795oy4XF,0.621,0.901,-5.396,0.0302,0.17,0.0,0.0875,113.967,0.744,0.8965,Happy
Call Me Maybe,Carly Rae Jepsen,20I6sIOMTCkB6w7ryavxtO,0.783,0.58,-6.548,0.0408,0.0114,2.28e-06,0.108,120.021,0.66,-0.998,Happy
Kiss Me More (feat. SZA),Doja Cat,3DarAbFujv6eYNliUTyqtz,0.764,0.705,-3.463,0.0284,0.259,8.92e-05,0.12,110.97,0.781,0.6933,Happy
Little Talks,Of Monsters and Men,2ihCaVdNZmnHZWt0fvAM7B,0.457,0.757,-5.177,0.032,0.0206,0.0,0.146,102.961,0.417,0.979,Happy
I Lived,OneRepublic,3IQF4xCQUPicbA4hWfTxPo,0.593,0.851,-5.456,0.0446,0.0683,0.0,0.271,119.987,0.344,0.6535,Happy
Brazil,Declan McKenna,4sNG6zQBmtq7M8aeeKJRMQ,0.687,0.617,-5.213,0.0287,0.0941,1.27e-05,0.0898,121.079,0.665,0.9986,Happy
Valerie (feat. Amy Winehouse) - Version Revisited,Mark Ronson,6kopmMZiyLmw7h66uXcXR7,0.699,0.83,-4.898,0.0633,0.00243,0.00024,0.0995,105.809,0.889,0.0,Happy
All Star,Smash Mouth,3cfOd4CMv2snFaKAnMdnvK,0.731,0.867,-5.881,0.032,0.0395,0.0,0.0861,104.019,0.776,0.0,Happy
(What A) Wonderful World - Mono,Sam Cooke,2G0GextMwZJLkNxcSZ7ZJ3,0.686,0.672,-5.523,0.0323,0.7,0.0,0.135,128.55,0.857,0.9844,Happy
Attracted to You,PinkPantheress,4fPjI40ElIwJQ4DJJxSCOe,0.727,0.58,-11.094,0.192,0.0372,0.00377,0.0596,114.21,0.75,0.1538,Happy
World's Smallest Violin,AJR,68EkhVWIeULhHxcbi1QhzK,0.68,0.697,-7.01,0.0484,0.121,0.0,0.661,116.033,0.684,0.032,Happy
A Sky Full of Stars,Coldplay,0FDzzruyVECATHXKHFs9eJ,0.545,0.675,-6.474,0.0279,0.00617,0.00197,0.209,124.97,0.162,-0.2528,Happy
Say So,Doja Cat,3Dv1eDb0MEgF93GpLXlucZ,0.787,0.673,-4.583,0.159,0.264,3.35e-06,0.0904,110.962,0.779,0.9867,Happy
Sunny,Boney M.,3pf96IFggfQuT6Gafqx2rt,0.647,0.868,-6.427,0.106,0.088,0.124,0.129,121.82,0.804,0.9994,Happy
Dancing in the Moonlight,King Harvest,0q21FNwES2bbtcduB6kjEU,0.657,0.435,-15.707,0.0552,0.739,0.0,0.167,135.975,0.771,0.9964,Happy
Good Time,Owl City,1kPpge9JDLpcj15qgrPbYX,0.56,0.872,-4.269,0.14,0.0239,6.98e-06,0.371,126.05,0.682,0.9972,Happy
Mon Amour - Remix,zzoilo,5TMLavqGRKNxgzMBrVpC9R,0.748,0.761,-6.621,0.102,0.122,6.56e-06,0.0984,116.041,0.362,-0.9521,Happy
Get Lucky (Radio Edit) [feat. Pharrell Williams and Nile Rodgers],Daft Punk,2Foc5Q5nqNiosCNqttzHof,0.794,0.811,-8.966,0.038,0.0426,1.07e-06,0.101,116.047,0.862,0.999,Happy
(Your Love Keeps Lifting Me) Higher & Higher,Jackie Wilson,5qyq1H5OPMlfuvZQ1wQNo7,0.634,0.677,-7.19,0.0448,0.318,0.0,0.0902,95.792,0.939,0.9988,Happy
All of Me,John Legend,3U4isOIWM3VvDubwSI3y7a,0.422,0.264,-7.064,0.0322,0.922,0.0,0.132,119.93,0.331,0.9936,Happy
Could You Be Loved,Bob Marley & The Wailers,5O4erNlJ74PIF6kGol1ZrC,0.916,0.72,-8.548,0.1,0.36,0.00016,0.0958,103.312,0.76,0.9969,Happy
Feel Good Inc.,Gorillaz,0d28khcov6AiegSCpG5TuT,0.818,0.705,-6.679,0.177,0.00836,0.00233,0.613,138.559,0.772,0.9982,Happy
Hey Ya!,Outkast,2PpruBYCo4H7WOBJ7Q2EwM,0.727,0.974,-2.261,0.0664,0.103,0.000532,0.174,79.526,0.965,0.9628,Happy
Don't Be so Hard on Yourself,Jess Glynne,1KtVVUM6OkpyOsbVfbMybX,0.571,0.815,-3.267,0.0321,0.0608,0.0,0.163,120.008,0.664,-0.9974,Happy
Party In The U.S.A.,Miley Cyrus,3E7dfMvvCLUddWissuqMwr,0.652,0.698,-4.667,0.042,0.00112,0.000115,0.0886,96.021,0.47,0.9972,Happy
No Scrubs,TLC,1KGi9sZVMeszgZOWivFpxs,0.743,0.675,-4.267,0.0953,0.0251,0.000717,0.0685,92.909,0.59,0.9282,Happy
Rolling in the Deep,Adele,4OSBTYWVwsQhGLF9NHvIbR,0.73,0.769,-5.114,0.0298,0.138,0.0,0.0473,104.948,0.507,0.9985,Happy
Song 2 - 2012 Remaster,Blur,1FTSo4v6BOZH9QxKc3MbVM,0.674,0.789,-6.903,0.0676,0.00178,0.00708,0.0753,129.802,0.918,-0.9969,Happy
Chandelier,Sia,4VrWlk8IQxevMvERoX08iC,0.399,0.787,-2.88,0.0499,0.0197,6.07e-05,0.0685,117.089,0.572,0.9576,Happy
Lovefool,The Cardigans,7aQjPecQdIuNd1sz3KCDhD,0.704,0.636,-6.029,0.0252,0.0344,0.0,0.35,111.845,0.89,0.9975,Happy
Rock Your Body,Justin Timberlake,1AWQoqb9bSvzTjaLralEkT,0.892,0.714,-6.055,0.141,0.201,0.000234,0.0521,100.972,0.817,0.9972,Happy
Family Affair,Mary J. Blige,3aw9iWUQ3VrPQltgwvN9Xu,0.911,0.551,-3.75,0.0449,0.132,4.12e-05,0.0863,92.887,0.969,0.9941,Happy
Bang Bang,Jessie J,0puf9yIluy9W0vpMEUoAnN,0.706,0.786,-3.417,0.091,0.26,0.0,0.38,150.028,0.751,0.9831,Happy
American Boy,Estelle,6etwirSInfuJrSOlogS6Sh,0.693,0.729,-2.99,0.378,0.171,0.0,0.07,117.848,0.521,0.9991,Happy
Build Me Up Buttercup (Mono),The Foundations,1tfZtA15BfJHQTUy3dqTKC,0.64,0.664,-4.73,0.0289,0.196,0.0,0.31,134.002,0.879,0.9992,Happy
Kids,MGMT,1jJci4qxiYcOHhQR247rEU,0.451,0.931,-3.871,0.0719,0.00076,0.0049,0.361,122.961,0.172,-0.9508,Happy
Dancing in the Moonlight,Toploader,3Fzlg5r1IjhLk2qRw667od,0.632,0.856,-3.463,0.0348,0.0624,0.0,0.347,119.397,0.867,0.9964,Happy
9 to 5,Dolly Parton,4w3tQBXhn5345eUXDGBWZG,0.554,0.783,-5.852,0.0457,0.416,1.54e-06,0.631,105.39,0.813,-0.1068,Happy
Fantasy,Mariah Carey,6xkryXuiZU360Lngd4sx13,0.669,0.727,-7.588,0.0353,0.139,0.0,0.123,102.322,0.807,0.999,Happy
"Signed, Sealed, Delivered (I'm Yours)",Stevie Wonder,2eF8pWbiivYsYRpbntYsnc,0.675,0.597,-11.329,0.0337,0.0534,0.0,0.0986,108.875,0.828,0.9351,Happy
Love On Top,Beyoncé,1z6WtY7X4HQJvzxC4UgkSf,0.652,0.749,-5.248,0.0886,0.0848,0.0,0.604,94.103,0.651,0.9997,Happy
One Love / People Get Ready,Bob Marley & The Wailers,7oNgPClUYdscWWHa5PF1gT,0.671,0.513,-9.598,0.366,0.0682,0.0,0.0674,154.187,0.94,0.9915,Happy
Last Nite,The Strokes,7kzKAuUzOITUauHAhoMoxA,0.624,0.91,-5.703,0.0297,0.0285,0.000198,0.0789,104.042,0.767,0.9349,Happy
Shiny Happy People,R.E.M.,1v2zyAJrChw5JnfafSkwkJ,0.452,0.909,-3.977,0.0366,0.0313,0.0603,0.23,124.623,0.805,0.9992,Happy
Kiss,Prince,62LJFaYihsdVrrkgUOJC05,0.898,0.271,-12.238,0.091,0.0135,0.00138,0.0461,111.485,0.742,0.9941,Happy
The Boy Is Mine,Brandy,6sHsXIJoEN5JpdkGMQDJxt,0.704,0.707,-6.537,0.0391,0.539,0.00106,0.318,93.145,0.761,0.9129,Happy
Ex-Factor,Ms. Lauryn Hill,2VjXGuPVVxyhMgER3Uz2Fe,0.593,0.619,-9.003,0.0976,0.118,0.0,0.484,80.02,0.668,-0.9947,Happy
Stacy's Mom,Fountains Of Wayne,27L8sESb3KR79asDUBu8nW,0.774,0.75,-4.927,0.0412,0.00207,1.78e-05,0.0808,118.015,0.927,0.9833,Happy
No One,Alicia Keys,6IwKcFdiRQZOWeYNhUiWIv,0.644,0.549,-5.415,0.0285,0.0209,8.85e-06,0.134,90.04,0.167,-0.9727,Happy
1901,Phoenix,1Ug5wxoHthwxctyWTUMGta,0.59,0.829,-5.649,0.0419,0.0601,3.99e-05,0.19,144.099,0.704,0.3983,Happy
Live While We're Young,One Direction,6Vh03bkEfXqekWp7Y1UBRb,0.663,0.857,-2.16,0.0544,0.0542,0.0,0.144,126.039,0.931,0.9204,Happy
Kung Fu Fighting,Carl Douglas,7K8QsHbmUpSX37oOCL4e2g,0.621,0.764,-8.702,0.0578,0.146,4.97e-05,0.161,102.288,0.745,-0.9903,Happy
When I Grow Up,The Pussycat Dolls,21pySLskKIKrhDziCX5ojQ,0.671,0.685,-5.762,0.05,0.00165,0.0,0.398,118.449,0.368,0.9991,Happy
A-Punk,Vampire Weekend,2DrGEaqoruCSn0FffWCf5O,0.551,0.819,-4.489,0.0525,0.0103,0.0437,0.153,174.917,0.846,0.5451,Happy
Cotton Eye Joe,Rednex,06hsdMbBxWGqBO0TV0Zrkf,0.729,0.936,-7.536,0.0776,0.0129,0.000892,0.0367,131.986,0.598,-0.7795,Happy
Like a Virgin,Madonna,1ZPlNanZsJSPK5h9YZZFbZ,0.771,0.655,-10.842,0.0372,0.152,0.00197,0.0685,119.747,0.97,0.9979,Happy
Bitch,Meredith Brooks,3i6qNxyVgIdUZTTi5m25EM,0.617,0.886,-5.953,0.055,0.0112,9.63e-05,0.0523,96.328,0.629,-0.9562,Happy
Smile,Lily Allen,79z9QkhHePTFsSeVw9uyj0,0.632,0.639,-5.938,0.0259,0.00143,0.0,0.221,95.506,0.733,0.1739,Happy
Can I Kick It?,A Tribe Called Quest,3Ti0GdlrotgwsAVBBugv0I,0.848,0.666,-6.547,0.274,0.173,0.000699,0.129,96.662,0.744,0.9937,Happy
I'm Coming Out,Diana Ross,3SnGymj6ijE2iuUfWxLo1q,0.72,0.828,-9.211,0.0462,0.185,0.429,0.0839,110.071,0.768,0.9757,Happy
Superstar,Jamelia,5u5MpBnvJejW9dHPrfWEXZ,0.801,0.645,-6.93,0.0356,0.046,0.0,0.0357,110.011,0.824,0.9925,Happy
Two Princes,Spin Doctors,4ePP9So5xRzspjLFVVbj90,0.543,0.912,-10.71,0.0601,0.00162,2.1e-06,0.0565,103.731,0.836,0.9978,Happy
Groove Is in the Heart,Deee-Lite,2He3NOyqtLNE3RQPpeDdSb,0.694,0.881,-4.053,0.0701,0.0153,0.0196,0.0851,121.554,0.924,0.9768,Happy
Tubthumping,Chumbawamba,22HYEJveCvykVDHDiEEmjZ,0.348,0.88,-7.366,0.0978,0.128,0.0,0.357,101.185,0.606,0.9752,Happy
Get Ur Freak On,Missy Elliott,6zsk6uF3MxfIeHPlubKBvR,0.797,0.75,-9.369,0.247,0.533,0.108,0.095,177.87,0.74,-0.999,Happy
"Accidentally In Love - From ""Shrek 2"" Soundtrack",Counting Crows,2Y6uY65ZwKl9WbVOvKyZg6,0.555,0.93,-3.641,0.0377,0.0484,4.28e-06,0.0898,138.013,0.782,0.0,Happy
Young Hearts Run Free,Candi Staton,3MFa9idQuY4iJLWsZl3tIQ,0.653,0.652,-9.304,0.0427,0.13,1.58e-05,0.202,115.388,0.846,0.9997,Happy
ABC,The Jackson 5,6D8kc7RO0rqBLSo2YPflJ5,0.572,0.786,-8.469,0.0642,0.519,0.00093,0.11,188.115,0.952,0.9985,Happy
This Will Be (An Everlasting Love),Natalie Cole,0PDCewmZCp0P5s00bptcdd,0.685,0.623,-11.146,0.042,0.228,0.00234,0.0295,126.739,0.896,0.9995,Happy
Better When I'm Dancin',Meghan Trainor,5k5fWendNngd89O8JKoE8L,0.756,0.789,-7.002,0.0324,0.53,0.000711,0.157,127.987,0.873,0.9987,Happy
Lil Boo Thang,Paul Russell,0cVyQfDyRnMJ0V3rjjdlU3,0.85,0.699,-3.292,0.0776,0.152,0.0,0.32,114.481,0.915,0.9967,Happy
Come and Get Your Love - Single Version,Redbone,7GVUmCP00eSsqc4tzj1sDD,0.731,0.804,-7.621,0.0473,0.172,0.00028,0.0685,107.383,0.957,0.9955,Happy
September,"Earth, Wind & Fire",3kXoKlD84c6OmIcOLfrfEs,0.674,0.832,-7.892,0.0308,0.146,5.06e-06,0.138,125.996,0.981,0.9932,Happy
Sunday Best,Surfaces,1qYKWcEOrh2tM8PlgIm8K1,0.869,0.555,-5.984,0.0454,0.137,0.0,0.0746,112.003,0.738,0.9989,Happy
Wouldn't It Be Nice,The Beach Boys,4IHc6SzGPnzSPuHVEPzpJc,0.392,0.629,-7.056,0.0334,0.718,3.65e-06,0.129,124.511,0.72,0.9733,Happy
MIENTRAS ME CURO DEL CORA,KAROL G,6otePxalBK8AVa20xhZYVQ,0.523,0.477,-6.786,0.392,0.855,0.0,0.146,79.921,0.57,-0.967,Happy
I Want You Back,The Jackson 5,5LxvwujISqiB8vpRYv887S,0.469,0.538,-13.559,0.0571,0.305,0.00012,0.37,196.605,0.886,0.9886,Happy
I Can See Clearly Now - Edit,Johnny Nash,0DcrhZ12WcCqruCs8ibXSf,0.681,0.373,-13.2,0.0568,0.633,0.00113,0.0751,123.423,0.623,0.9998,Happy
Ain't No Mountain High Enough,Marvin Gaye,7tqhbajSfrz2F7E1Z75ASX,0.663,0.6,-10.87,0.032,0.43,0.0,0.184,129.991,0.8,0.9935,Happy
Viva La Vida,Coldplay,1mea3bSkSGXuIRvnydlB5b,0.486,0.617,-7.115,0.0287,0.0954,3.23e-06,0.109,138.015,0.417,-0.519,Happy
Shotgun,George Ezra,4ofwffwvvnbSkrMSCKQDaC,0.673,0.735,-4.733,0.0457,0.286,0.0,0.242,115.744,0.754,0.9712,Happy
You Get What You Give,New Radicals,1Cwsd5xI8CajJz795oy4XF,0.621,0.901,-5.396,0.0302,0.17,0.0,0.0875,113.967,0.744,0.8965,Happy
Me Levanté,Dave Bolaño,5dQVCKjXLD4GdnWnrTswJO,0.716,0.786,-4.873,0.0792,0.489,0.0,0.134,169.962,0.962,-0.9996,Happy
Sir Duke,Stevie Wonder,4pNiE4LCVV74vfIBaUHm1b,0.588,0.568,-9.766,0.0672,0.16,0.0,0.0792,106.938,0.952,-0.6248,Happy
Dancing Queen,ABBA,0GjEhVFGZW8afUYGChu3Rr,0.543,0.87,-6.514,0.0428,0.358,0.000939,0.792,100.804,0.754,0.93,Happy
I Say a Little Prayer,Aretha Franklin,3NfxSdJnVdon1axzloJgba,0.592,0.355,-14.051,0.0352,0.478,0.0,0.0585,133.032,0.499,0.9986,Happy
Gold,Loi,54eE5H6F1HhyM5L4fRLq8s,0.613,0.935,-2.653,0.0404,0.0255,0.0,0.184,77.498,0.859,0.999,Happy
Run,OneRepublic,6KL88T4Ma4ABXqzgUoEwkd,0.682,0.72,-8.176,0.0382,0.321,0.0,0.205,116.988,0.649,0.9978,Happy
I Got You (I Feel Good),James Brown & The Famous Flames,5haXbSJqjjM0TCJ5XkfEaC,0.613,0.487,-8.781,0.0935,0.412,1.02e-05,0.286,143.332,0.699,0.9976,Happy
I'm a Believer - 2006 Remaster,The Monkees,3G7tRC24Uh09Hmp1KZ7LQ2,0.526,0.775,-6.05,0.0352,0.707,2.05e-05,0.217,80.106,0.962,0.9782,Happy
Me Gustas Tu,Manu Chao,6b37xrsNCWYIUphFBazqD6,0.657,0.741,-6.822,0.0825,0.663,0.494,0.222,175.949,0.908,-0.9728,Happy
Best Day Of My Life,American Authors,5Hroj5K7vLpIG4FNCRIjbP,0.673,0.902,-2.392,0.0346,0.0591,0.000262,0.0558,100.012,0.538,0.9929,Happy
High Hopes,Panic! At The Disco,1rqqCSm0Qe4I9rUvWncaom,0.579,0.904,-2.729,0.0618,0.193,0.0,0.064,82.014,0.681,0.9984,Happy
Wake Me Up,Avicii,0nrRP2bk19rLc0orkWPQk2,0.532,0.783,-5.697,0.0523,0.0038,0.0012,0.161,124.08,0.643,0.9954,Happy
Upside Down,Jack Johnson,0aJrYfARfCKzv6gXjhs4SZ,0.792,0.647,-8.314,0.045,0.255,0.000223,0.132,102.477,0.694,0.9855,Happy
Suddenly I See,KT Tunstall,5p9XWUdvbUzmPCukOmwoU3,0.587,0.767,-5.713,0.0449,0.225,0.0,0.112,100.38,0.664,0.9808,Happy
Just A Cloud Away,Pharrell Williams,0DGTcMqvVR7fmBXgiG6jz4,0.89,0.46,-8.155,0.0359,0.432,0.0,0.11,112.555,0.677,0.9883,Happy
Agüita e Coco,Kany García,5vAlpYZi59u0GPP3RvyKIZ,0.829,0.771,-4.522,0.0818,0.289,0.0,0.193,92.958,0.964,-0.9885,Happy
"CAN'T STOP THE FEELING! (from DreamWorks Animation's ""TROLLS"")",Justin Timberlake,6JV2JOEocMgcZxYSZelKcc,0.666,0.83,-5.715,0.0751,0.0123,0.0,0.191,113.03,0.702,0.0,Happy
Respect,Aretha Franklin,7s25THrKz86DM225dOYwnr,0.805,0.558,-5.226,0.041,0.164,2.2e-05,0.0546,114.95,0.965,0.9489,Happy
The Look,Metronomy,6zfczP87XO2SxWlQtnjFNa,0.638,0.535,-7.792,0.0415,0.623,0.0391,0.0837,84.947,0.504,0.4993,Happy
Optimista,Caloncho,22LGgFochmXJw5vVr5knDl,0.639,0.472,-11.428,0.153,0.0385,0.012,0.322,123.028,0.827,0.6124,Happy
Don't You Worry 'Bout A Thing,Stevie Wonder,1QvWxgZvTU0w8rlPRE5Zrv,0.714,0.726,-9.218,0.0408,0.0316,0.0,0.066,124.71,0.92,0.9977,Happy
Flowers,Miley Cyrus,7DSAEUvxU8FajXtRloy8M0,0.706,0.691,-4.775,0.0633,0.0584,6.99e-05,0.0232,118.048,0.632,0.9998,Happy
Love Today,MIKA,2IxoxL1FHw0RxN5r6y5mjF,0.673,0.913,-4.981,0.0664,0.0304,0.00298,0.113,124.484,0.587,0.9986,Happy
Lean On Me,Sandro Cavazza,43Hit5V2BpPq2vxvca3ysc,0.799,0.419,-7.99,0.174,0.412,0.0,0.203,156.055,0.716,-0.9747,Happy
Good Day,Surfaces,3Sn36jbYTRuTSA3pHi4Ajz,0.908,0.527,-7.151,0.0421,0.548,2.16e-06,0.117,125.012,0.815,0.9985,Happy
Treat People With Kindness,Harry Styles,03mMSLEJCPoGJwQhHpN5y0,0.653,0.869,-3.725,0.0382,0.128,2.2e-05,0.046,122.017,0.697,0.9973,Happy
Build Me Up Buttercup (Mono),The Foundations,1tfZtA15BfJHQTUy3dqTKC,0.64,0.664,-4.73,0.0289,0.196,0.0,0.31,134.002,0.879,0.9992,Happy
This Feeling,The Chainsmokers,4NBTZtAt1F13VvlSKe6KTl,0.575,0.571,-7.906,0.0439,0.0558,0.0,0.0912,105.049,0.449,0.997,Happy
SUPERBLOOM,MisterWives,2HvtedoEeymVWrBPyAMNwZ,0.558,0.889,-3.945,0.102,0.191,0.000387,0.328,170.102,0.716,0.9825,Happy
Me Gusta La Vida,Funambulista,6ehhc5vtZ33S9lPBQ0bvPN,0.722,0.913,-4.147,0.0672,0.0611,0.0,0.084,95.123,0.876,-0.6876,Happy
Watermelon Sugar,Harry Styles,6UelLqGlWMcVH1E5c4H7lY,0.548,0.816,-4.209,0.0465,0.122,0.0,0.335,95.39,0.557,0.9601,Happy
Lil Boo Thang,Paul Russell,0cVyQfDyRnMJ0V3rjjdlU3,0.85,0.699,-3.292,0.0776,0.152,0.0,0.32,114.481,0.915,0.9967,Happy
Te Mando Flores,Fonseca,2in1gSZtv2lRbcZUmN9aAl,0.714,0.85,-7.864,0.0541,0.228,0.0,0.108,102.009,0.855,0.5423,Happy
Don't Stop Me Now - Remastered 2011,Queen,5T8EDUDqKcs6OSOwEsfqG7,0.559,0.868,-5.276,0.17,0.0475,0.000176,0.776,156.295,0.609,0.9526,Happy
Lush Life,Zara Larsson,1rIKgCH4H52lrvDcz50hS8,0.694,0.712,-3.923,0.046,0.132,0.0,0.211,98.023,0.799,0.833,Happy
I'm Still Standing,Elton John,1jDJFeK9x3OZboIAHsY9k2,0.504,0.904,-6.863,0.179,0.356,0.121,0.14,176.808,0.772,0.9941,Happy
Call Me Maybe,Carly Rae Jepsen,20I6sIOMTCkB6w7ryavxtO,0.783,0.58,-6.548,0.0408,0.0114,2.28e-06,0.108,120.021,0.66,-0.998,Happy
Shape of You,Ed Sheeran,7qiZfU4dY1lWllzX7mPBI3,0.825,0.652,-3.183,0.0802,0.581,0.0,0.0931,95.977,0.931,0.9995,Happy
DPM (De Pxta Madre),Kany García,4wJXlFV0oh88ktxE54uqKE,0.493,0.664,-6.354,0.261,0.521,0.0,0.122,169.867,0.694,-0.4019,Happy
Wake Me Up,Avicii,0nrRP2bk19rLc0orkWPQk2,0.532,0.783,-5.697,0.0523,0.0038,0.0012,0.161,124.08,0.643,0.9954,Happy
Maps,Maroon 5,4gbVRS8gloEluzf0GzDOFc,0.742,0.713,-5.522,0.0303,0.0205,0.0,0.059,120.032,0.879,-0.9943,Happy
2002,Anne-Marie,2BgEsaKNfHUdlh97KmvFyo,0.697,0.683,-2.881,0.117,0.0372,0.0,0.137,96.133,0.603,0.9989,Happy
Dancing in the Moonlight,Toploader,3Fzlg5r1IjhLk2qRw667od,0.632,0.856,-3.463,0.0348,0.0624,0.0,0.347,119.397,0.867,0.9964,Happy
Best Song Ever,One Direction,5T7ZFtCcOgkpjxcuaeZbw0,0.652,0.877,-2.986,0.0465,0.0227,0.0,0.0789,118.491,0.486,0.9995,Happy
There's Nothing Holdin' Me Back,Shawn Mendes,7JJmb5XwzOO8jgpou264Ml,0.866,0.813,-4.063,0.0554,0.38,0.0,0.0779,121.998,0.969,0.9183,Happy
I Lived,OneRepublic,3IQF4xCQUPicbA4hWfTxPo,0.593,0.851,-5.456,0.0446,0.0683,0.0,0.271,119.987,0.344,0.6535,Happy
Kings & Queens,Ava Max,7a53HqqArd4b9NF4XAmlbI,0.637,0.69,-4.057,0.0405,0.00786,0.0,0.124,129.857,0.457,-0.9736,Happy
That's What I Like,Bruno Mars,0KKkJNfGyhkQ5aFogxQAPU,0.853,0.56,-4.961,0.0406,0.013,0.0,0.0944,134.066,0.86,0.9987,Happy
Robarte un Beso,Carlos Vives,0JcNysfWVWaMS7R6vzGB2k,0.742,0.859,-4.942,0.0482,0.0824,0.0,0.359,95.046,0.652,-0.9837,Happy
Dancing Queen,ABBA,0GjEhVFGZW8afUYGChu3Rr,0.543,0.87,-6.514,0.0428,0.358,0.000939,0.792,100.804,0.754,0.93,Happy
Dynamite,BTS,5QDLhrAOJJdNAmCTJ8xMyW,0.746,0.765,-4.41,0.0993,0.0112,0.0,0.0936,114.044,0.737,0.995,Happy
Caraluna,Bacilos,7DhYjNLksXZhbRQeheAums,0.76,0.773,-5.314,0.0675,0.176,0.0,0.1,102.789,0.895,-0.8042,Happy
Maniac,Conan Gray,6KfoDhO4XUWSbnyKjNp9c4,0.628,0.639,-5.46,0.0435,0.00162,0.0,0.354,108.045,0.493,-0.9952,Happy
Shower,Becky G,3DmW6y7wTEYHJZlLo1r6XJ,0.699,0.529,-7.548,0.0487,0.0317,3.59e-05,0.285,119.987,0.121,0.9841,Happy
Bonito,Jarabe De Palo,5FiB1uNoGZE4PenzZd7Imu,0.743,0.965,-4.83,0.0536,0.211,0.0,0.449,114.23,0.741,-0.9227,Happy
Summer of Love (Shawn Mendes & Tainy),Shawn Mendes,0z8hI3OPS8ADPWtoCjjLl6,0.776,0.808,-4.501,0.117,0.0297,0.000127,0.103,123.988,0.494,0.9792,Happy
La Bicicleta,Carlos Vives,0Gx4VrHzS7pZOEAGrmXXBH,0.745,0.944,-3.959,0.134,0.21,1.45e-06,0.333,179.991,0.951,-0.8979,Happy
September,"Earth, Wind & Fire",3kXoKlD84c6OmIcOLfrfEs,0.674,0.832,-7.892,0.0308,0.146,5.06e-06,0.138,125.996,0.981,0.9932,Happy
"CAN'T STOP THE FEELING! (from DreamWorks Animation's ""TROLLS"")",Justin Timberlake,6JV2JOEocMgcZxYSZelKcc,0.666,0.83,-5.715,0.0751,0.0123,0.0,0.191,113.03,0.702,0.0,Happy
Woman,Doja Cat,6Uj1ctrBOjOas8xZXGqKk4,0.824,0.764,-4.175,0.0854,0.0888,0.00294,0.117,107.998,0.881,0.9346,Happy
Hard Times,Paramore,0w5Bdu51Ka25Pf3hojsKHh,0.695,0.818,-5.379,0.0334,0.00647,4.87e-06,0.0219,119.965,0.916,0.8921,Happy
Take A Chance On Me,ABBA,5BckPAYcKEJuYs1eV1BHHe,0.684,0.675,-8.123,0.0257,0.163,0.0,0.242,107.064,0.924,0.9998,Happy
Everybody Talks,Neon Trees,2iUmqdfGZcHIhS3b9E9EWq,0.471,0.924,-3.906,0.0586,0.00301,0.0,0.313,154.961,0.725,0.948,Happy
I Got You (I Feel Good),James Brown & The Famous Flames,5haXbSJqjjM0TCJ5XkfEaC,0.613,0.487,-8.781,0.0935,0.412,1.02e-05,0.286,143.332,0.699,0.9976,Happy
Vivir (with Estopa),Rozalén,0n2lJjskWdFCvLI3ExAGha,0.715,0.906,-5.478,0.28,0.353,0.0,0.112,101.088,0.777,-1.0,Happy
Gold,Loi,54eE5H6F1HhyM5L4fRLq8s,0.613,0.935,-2.653,0.0404,0.0255,0.0,0.184,77.498,0.859,0.999,Happy
Stronger (What Doesn't Kill You),Kelly Clarkson,1nInOsHbtotAmEOQhtvnzP,0.562,0.939,-4.282,0.0475,0.046,0.0,0.112,116.044,0.684,0.9993,Happy
Pumped Up Kicks,Foster The People,7w87IxuO7BDcJ3YUqCyMTT,0.733,0.71,-5.849,0.0292,0.145,0.115,0.0956,127.975,0.965,0.9987,Happy
Mambo No. 5 (a Little Bit of...),Lou Bega,6x4tKaOzfNJpEJHySoiJcs,0.622,0.807,-6.752,0.408,0.103,0.0,0.306,174.06,0.892,-0.3427,Happy
Haven't Met You Yet,Michael Bublé,4fIWvT19w9PR0VVBuPYpWA,0.615,0.733,-4.808,0.0335,0.152,0.0,0.109,122.58,0.796,0.999,Happy
